ID_Tempo;Data;Ano;Mes;Nome_Mes;Trimestre
1;2023-01-01;2023;1;Janeiro;2023Q1
2;2023-01-02;2023;1;Janeiro;2023Q1
3;2023-01-03;2023;1;Janeiro;2023Q1
4;2023-01-04;2023;1;Janeiro;2023Q1
5;2023-01-05;2023;1;Janeiro;2023Q1
6;2023-01-06;2023;1;Janeiro;2023Q1
7;2023-01-07;2023;1;Janeiro;2023Q1
8;2023-01-08;2023;1;Janeiro;2023Q1
9;2023-01-09;2023;1;Janeiro;2023Q1
10;2023-01-10;2023;1;Janeiro;2023Q1
11;2023-01-11;2023;1;Janeiro;2023Q1
12;2023-01-12;2023;1;Janeiro;2023Q1
13;2023-01-13;2023;1;Janeiro;2023Q1
14;2023-01-14;2023;1;Janeiro;2023Q1
15;2023-01-15;2023;1;Janeiro;2023Q1
16;2023-01-16;2023;1;Janeiro;2023Q1
17;2023-01-17;2023;1;Janeiro;2023Q1
18;2023-01-18;2023;1;Janeiro;2023Q1
19;2023-01-19;2023;1;Janeiro;2023Q1
20;2023-01-20;2023;1;Janeiro;2023Q1
21;2023-01-21;2023;1;Janeiro;2023Q1
22;2023-01-22;2023;1;Janeiro;2023Q1
23;2023-01-23;2023;1;Janeiro;2023Q1
24;2023-01-24;2023;1;Janeiro;2023Q1
25;2023-01-25;2023;1;Janeiro;2023Q1
26;2023-01-26;2023;1;Janeiro;2023Q1
27;2023-01-27;2023;1;Janeiro;2023Q1
28;2023-01-28;2023;1;Janeiro;2023Q1
29;2023-01-29;2023;1;Janeiro;2023Q1
30;2023-01-30;2023;1;Janeiro;2023Q1
31;2023-01-31;2023;1;Janeiro;2023Q1
32;2023-02-01;2023;2;Fevereiro;2023Q1
33;2023-02-02;2023;2;Fevereiro;2023Q1
34;2023-02-03;2023;2;Fevereiro;2023Q1
35;2023-02-04;2023;2;Fevereiro;2023Q1
36;2023-02-05;2023;2;Fevereiro;2023Q1
37;2023-02-06;2023;2;Fevereiro;2023Q1
38;2023-02-07;2023;2;Fevereiro;2023Q1
39;2023-02-08;2023;2;Fevereiro;2023Q1
40;2023-02-09;2023;2;Fevereiro;2023Q1
41;2023-02-10;2023;2;Fevereiro;2023Q1
42;2023-02-11;2023;2;Fevereiro;2023Q1
43;2023-02-12;2023;2;Fevereiro;2023Q1
44;2023-02-13;2023;2;Fevereiro;2023Q1
45;2023-02-14;2023;2;Fevereiro;2023Q1
46;2023-02-15;2023;2;Fevereiro;2023Q1
47;2023-02-16;2023;2;Fevereiro;2023Q1
48;2023-02-17;2023;2;Fevereiro;2023Q1
49;2023-02-18;2023;2;Fevereiro;2023Q1
50;2023-02-19;2023;2;Fevereiro;2023Q1
51;2023-02-20;2023;2;Fevereiro;2023Q1
52;2023-02-21;2023;2;Fevereiro;2023Q1
53;2023-02-22;2023;2;Fevereiro;2023Q1
54;2023-02-23;2023;2;Fevereiro;2023Q1
55;2023-02-24;2023;2;Fevereiro;2023Q1
56;2023-02-25;2023;2;Fevereiro;2023Q1
57;2023-02-26;2023;2;Fevereiro;2023Q1
58;2023-02-27;2023;2;Fevereiro;2023Q1
59;2023-02-28;2023;2;Fevereiro;2023Q1
60;2023-03-01;2023;3;Março;2023Q1
61;2023-03-02;2023;3;Março;2023Q1
62;2023-03-03;2023;3;Março;2023Q1
63;2023-03-04;2023;3;Março;2023Q1
64;2023-03-05;2023;3;Março;2023Q1
65;2023-03-06;2023;3;Março;2023Q1
66;2023-03-07;2023;3;Março;2023Q1
67;2023-03-08;2023;3;Março;2023Q1
68;2023-03-09;2023;3;Março;2023Q1
69;2023-03-10;2023;3;Março;2023Q1
70;2023-03-11;2023;3;Março;2023Q1
71;2023-03-12;2023;3;Março;2023Q1
72;2023-03-13;2023;3;Março;2023Q1
73;2023-03-14;2023;3;Março;2023Q1
74;2023-03-15;2023;3;Março;2023Q1
75;2023-03-16;2023;3;Março;2023Q1
76;2023-03-17;2023;3;Março;2023Q1
77;2023-03-18;2023;3;Março;2023Q1
78;2023-03-19;2023;3;Março;2023Q1
79;2023-03-20;2023;3;Março;2023Q1
80;2023-03-21;2023;3;Março;2023Q1
81;2023-03-22;2023;3;Março;2023Q1
82;2023-03-23;2023;3;Março;2023Q1
83;2023-03-24;2023;3;Março;2023Q1
84;2023-03-25;2023;3;Março;2023Q1
85;2023-03-26;2023;3;Março;2023Q1
86;2023-03-27;2023;3;Março;2023Q1
87;2023-03-28;2023;3;Março;2023Q1
88;2023-03-29;2023;3;Março;2023Q1
89;2023-03-30;2023;3;Março;2023Q1
90;2023-03-31;2023;3;Março;2023Q1
91;2023-04-01;2023;4;Abril;2023Q2
92;2023-04-02;2023;4;Abril;2023Q2
93;2023-04-03;2023;4;Abril;2023Q2
94;2023-04-04;2023;4;Abril;2023Q2
95;2023-04-05;2023;4;Abril;2023Q2
96;2023-04-06;2023;4;Abril;2023Q2
97;2023-04-07;2023;4;Abril;2023Q2
98;2023-04-08;2023;4;Abril;2023Q2
99;2023-04-09;2023;4;Abril;2023Q2
100;2023-04-10;2023;4;Abril;2023Q2
101;2023-04-11;2023;4;Abril;2023Q2
102;2023-04-12;2023;4;Abril;2023Q2
103;2023-04-13;2023;4;Abril;2023Q2
104;2023-04-14;2023;4;Abril;2023Q2
105;2023-04-15;2023;4;Abril;2023Q2
106;2023-04-16;2023;4;Abril;2023Q2
107;2023-04-17;2023;4;Abril;2023Q2
108;2023-04-18;2023;4;Abril;2023Q2
109;2023-04-19;2023;4;Abril;2023Q2
110;2023-04-20;2023;4;Abril;2023Q2
111;2023-04-21;2023;4;Abril;2023Q2
112;2023-04-22;2023;4;Abril;2023Q2
113;2023-04-23;2023;4;Abril;2023Q2
114;2023-04-24;2023;4;Abril;2023Q2
115;2023-04-25;2023;4;Abril;2023Q2
116;2023-04-26;2023;4;Abril;2023Q2
117;2023-04-27;2023;4;Abril;2023Q2
118;2023-04-28;2023;4;Abril;2023Q2
119;2023-04-29;2023;4;Abril;2023Q2
120;2023-04-30;2023;4;Abril;2023Q2
121;2023-05-01;2023;5;Maio;2023Q2
122;2023-05-02;2023;5;Maio;2023Q2
123;2023-05-03;2023;5;Maio;2023Q2
124;2023-05-04;2023;5;Maio;2023Q2
125;2023-05-05;2023;5;Maio;2023Q2
126;2023-05-06;2023;5;Maio;2023Q2
127;2023-05-07;2023;5;Maio;2023Q2
128;2023-05-08;2023;5;Maio;2023Q2
129;2023-05-09;2023;5;Maio;2023Q2
130;2023-05-10;2023;5;Maio;2023Q2
131;2023-05-11;2023;5;Maio;2023Q2
132;2023-05-12;2023;5;Maio;2023Q2
133;2023-05-13;2023;5;Maio;2023Q2
134;2023-05-14;2023;5;Maio;2023Q2
135;2023-05-15;2023;5;Maio;2023Q2
136;2023-05-16;2023;5;Maio;2023Q2
137;2023-05-17;2023;5;Maio;2023Q2
138;2023-05-18;2023;5;Maio;2023Q2
139;2023-05-19;2023;5;Maio;2023Q2
140;2023-05-20;2023;5;Maio;2023Q2
141;2023-05-21;2023;5;Maio;2023Q2
142;2023-05-22;2023;5;Maio;2023Q2
143;2023-05-23;2023;5;Maio;2023Q2
144;2023-05-24;2023;5;Maio;2023Q2
145;2023-05-25;2023;5;Maio;2023Q2
146;2023-05-26;2023;5;Maio;2023Q2
147;2023-05-27;2023;5;Maio;2023Q2
148;2023-05-28;2023;5;Maio;2023Q2
149;2023-05-29;2023;5;Maio;2023Q2
150;2023-05-30;2023;5;Maio;2023Q2
151;2023-05-31;2023;5;Maio;2023Q2
152;2023-06-01;2023;6;Junho;2023Q2
153;2023-06-02;2023;6;Junho;2023Q2
154;2023-06-03;2023;6;Junho;2023Q2
155;2023-06-04;2023;6;Junho;2023Q2
156;2023-06-05;2023;6;Junho;2023Q2
157;2023-06-06;2023;6;Junho;2023Q2
158;2023-06-07;2023;6;Junho;2023Q2
159;2023-06-08;2023;6;Junho;2023Q2
160;2023-06-09;2023;6;Junho;2023Q2
161;2023-06-10;2023;6;Junho;2023Q2
162;2023-06-11;2023;6;Junho;2023Q2
163;2023-06-12;2023;6;Junho;2023Q2
164;2023-06-13;2023;6;Junho;2023Q2
165;2023-06-14;2023;6;Junho;2023Q2
166;2023-06-15;2023;6;Junho;2023Q2
167;2023-06-16;2023;6;Junho;2023Q2
168;2023-06-17;2023;6;Junho;2023Q2
169;2023-06-18;2023;6;Junho;2023Q2
170;2023-06-19;2023;6;Junho;2023Q2
171;2023-06-20;2023;6;Junho;2023Q2
172;2023-06-21;2023;6;Junho;2023Q2
173;2023-06-22;2023;6;Junho;2023Q2
174;2023-06-23;2023;6;Junho;2023Q2
175;2023-06-24;2023;6;Junho;2023Q2
176;2023-06-25;2023;6;Junho;2023Q2
177;2023-06-26;2023;6;Junho;2023Q2
178;2023-06-27;2023;6;Junho;2023Q2
179;2023-06-28;2023;6;Junho;2023Q2
180;2023-06-29;2023;6;Junho;2023Q2
181;2023-06-30;2023;6;Junho;2023Q2
182;2023-07-01;2023;7;Julho;2023Q3
183;2023-07-02;2023;7;Julho;2023Q3
184;2023-07-03;2023;7;Julho;2023Q3
185;2023-07-04;2023;7;Julho;2023Q3
186;2023-07-05;2023;7;Julho;2023Q3
187;2023-07-06;2023;7;Julho;2023Q3
188;2023-07-07;2023;7;Julho;2023Q3
189;2023-07-08;2023;7;Julho;2023Q3
190;2023-07-09;2023;7;Julho;2023Q3
191;2023-07-10;2023;7;Julho;2023Q3
192;2023-07-11;2023;7;Julho;2023Q3
193;2023-07-12;2023;7;Julho;2023Q3
194;2023-07-13;2023;7;Julho;2023Q3
195;2023-07-14;2023;7;Julho;2023Q3
196;2023-07-15;2023;7;Julho;2023Q3
197;2023-07-16;2023;7;Julho;2023Q3
198;2023-07-17;2023;7;Julho;2023Q3
199;2023-07-18;2023;7;Julho;2023Q3
200;2023-07-19;2023;7;Julho;2023Q3
201;2023-07-20;2023;7;Julho;2023Q3
202;2023-07-21;2023;7;Julho;2023Q3
203;2023-07-22;2023;7;Julho;2023Q3
204;2023-07-23;2023;7;Julho;2023Q3
205;2023-07-24;2023;7;Julho;2023Q3
206;2023-07-25;2023;7;Julho;2023Q3
207;2023-07-26;2023;7;Julho;2023Q3
208;2023-07-27;2023;7;Julho;2023Q3
209;2023-07-28;2023;7;Julho;2023Q3
210;2023-07-29;2023;7;Julho;2023Q3
211;2023-07-30;2023;7;Julho;2023Q3
212;2023-07-31;2023;7;Julho;2023Q3
213;2023-08-01;2023;8;Agosto;2023Q3
214;2023-08-02;2023;8;Agosto;2023Q3
215;2023-08-03;2023;8;Agosto;2023Q3
216;2023-08-04;2023;8;Agosto;2023Q3
217;2023-08-05;2023;8;Agosto;2023Q3
218;2023-08-06;2023;8;Agosto;2023Q3
219;2023-08-07;2023;8;Agosto;2023Q3
220;2023-08-08;2023;8;Agosto;2023Q3
221;2023-08-09;2023;8;Agosto;2023Q3
222;2023-08-10;2023;8;Agosto;2023Q3
223;2023-08-11;2023;8;Agosto;2023Q3
224;2023-08-12;2023;8;Agosto;2023Q3
225;2023-08-13;2023;8;Agosto;2023Q3
226;2023-08-14;2023;8;Agosto;2023Q3
227;2023-08-15;2023;8;Agosto;2023Q3
228;2023-08-16;2023;8;Agosto;2023Q3
229;2023-08-17;2023;8;Agosto;2023Q3
230;2023-08-18;2023;8;Agosto;2023Q3
231;2023-08-19;2023;8;Agosto;2023Q3
232;2023-08-20;2023;8;Agosto;2023Q3
233;2023-08-21;2023;8;Agosto;2023Q3
234;2023-08-22;2023;8;Agosto;2023Q3
235;2023-08-23;2023;8;Agosto;2023Q3
236;2023-08-24;2023;8;Agosto;2023Q3
237;2023-08-25;2023;8;Agosto;2023Q3
238;2023-08-26;2023;8;Agosto;2023Q3
239;2023-08-27;2023;8;Agosto;2023Q3
240;2023-08-28;2023;8;Agosto;2023Q3
241;2023-08-29;2023;8;Agosto;2023Q3
242;2023-08-30;2023;8;Agosto;2023Q3
243;2023-08-31;2023;8;Agosto;2023Q3
244;2023-09-01;2023;9;Setembro;2023Q3
245;2023-09-02;2023;9;Setembro;2023Q3
246;2023-09-03;2023;9;Setembro;2023Q3
247;2023-09-04;2023;9;Setembro;2023Q3
248;2023-09-05;2023;9;Setembro;2023Q3
249;2023-09-06;2023;9;Setembro;2023Q3
250;2023-09-07;2023;9;Setembro;2023Q3
251;2023-09-08;2023;9;Setembro;2023Q3
252;2023-09-09;2023;9;Setembro;2023Q3
253;2023-09-10;2023;9;Setembro;2023Q3
254;2023-09-11;2023;9;Setembro;2023Q3
255;2023-09-12;2023;9;Setembro;2023Q3
256;2023-09-13;2023;9;Setembro;2023Q3
257;2023-09-14;2023;9;Setembro;2023Q3
258;2023-09-15;2023;9;Setembro;2023Q3
259;2023-09-16;2023;9;Setembro;2023Q3
260;2023-09-17;2023;9;Setembro;2023Q3
261;2023-09-18;2023;9;Setembro;2023Q3
262;2023-09-19;2023;9;Setembro;2023Q3
263;2023-09-20;2023;9;Setembro;2023Q3
264;2023-09-21;2023;9;Setembro;2023Q3
265;2023-09-22;2023;9;Setembro;2023Q3
266;2023-09-23;2023;9;Setembro;2023Q3
267;2023-09-24;2023;9;Setembro;2023Q3
268;2023-09-25;2023;9;Setembro;2023Q3
269;2023-09-26;2023;9;Setembro;2023Q3
270;2023-09-27;2023;9;Setembro;2023Q3
271;2023-09-28;2023;9;Setembro;2023Q3
272;2023-09-29;2023;9;Setembro;2023Q3
273;2023-09-30;2023;9;Setembro;2023Q3
274;2023-10-01;2023;10;Outubro;2023Q4
275;2023-10-02;2023;10;Outubro;2023Q4
276;2023-10-03;2023;10;Outubro;2023Q4
277;2023-10-04;2023;10;Outubro;2023Q4
278;2023-10-05;2023;10;Outubro;2023Q4
279;2023-10-06;2023;10;Outubro;2023Q4
280;2023-10-07;2023;10;Outubro;2023Q4
281;2023-10-08;2023;10;Outubro;2023Q4
282;2023-10-09;2023;10;Outubro;2023Q4
283;2023-10-10;2023;10;Outubro;2023Q4
284;2023-10-11;2023;10;Outubro;2023Q4
285;2023-10-12;2023;10;Outubro;2023Q4
286;2023-10-13;2023;10;Outubro;2023Q4
287;2023-10-14;2023;10;Outubro;2023Q4
288;2023-10-15;2023;10;Outubro;2023Q4
289;2023-10-16;2023;10;Outubro;2023Q4
290;2023-10-17;2023;10;Outubro;2023Q4
291;2023-10-18;2023;10;Outubro;2023Q4
292;2023-10-19;2023;10;Outubro;2023Q4
293;2023-10-20;2023;10;Outubro;2023Q4
294;2023-10-21;2023;10;Outubro;2023Q4
295;2023-10-22;2023;10;Outubro;2023Q4
296;2023-10-23;2023;10;Outubro;2023Q4
297;2023-10-24;2023;10;Outubro;2023Q4
298;2023-10-25;2023;10;Outubro;2023Q4
299;2023-10-26;2023;10;Outubro;2023Q4
300;2023-10-27;2023;10;Outubro;2023Q4
301;2023-10-28;2023;10;Outubro;2023Q4
302;2023-10-29;2023;10;Outubro;2023Q4
303;2023-10-30;2023;10;Outubro;2023Q4
304;2023-10-31;2023;10;Outubro;2023Q4
305;2023-11-01;2023;11;Novembro;2023Q4
306;2023-11-02;2023;11;Novembro;2023Q4
307;2023-11-03;2023;11;Novembro;2023Q4
308;2023-11-04;2023;11;Novembro;2023Q4
309;2023-11-05;2023;11;Novembro;2023Q4
310;2023-11-06;2023;11;Novembro;2023Q4
311;2023-11-07;2023;11;Novembro;2023Q4
312;2023-11-08;2023;11;Novembro;2023Q4
313;2023-11-09;2023;11;Novembro;2023Q4
314;2023-11-10;2023;11;Novembro;2023Q4
315;2023-11-11;2023;11;Novembro;2023Q4
316;2023-11-12;2023;11;Novembro;2023Q4
317;2023-11-13;2023;11;Novembro;2023Q4
318;2023-11-14;2023;11;Novembro;2023Q4
319;2023-11-15;2023;11;Novembro;2023Q4
320;2023-11-16;2023;11;Novembro;2023Q4
321;2023-11-17;2023;11;Novembro;2023Q4
322;2023-11-18;2023;11;Novembro;2023Q4
323;2023-11-19;2023;11;Novembro;2023Q4
324;2023-11-20;2023;11;Novembro;2023Q4
325;2023-11-21;2023;11;Novembro;2023Q4
326;2023-11-22;2023;11;Novembro;2023Q4
327;2023-11-23;2023;11;Novembro;2023Q4
328;2023-11-24;2023;11;Novembro;2023Q4
329;2023-11-25;2023;11;Novembro;2023Q4
330;2023-11-26;2023;11;Novembro;2023Q4
331;2023-11-27;2023;11;Novembro;2023Q4
332;2023-11-28;2023;11;Novembro;2023Q4
333;2023-11-29;2023;11;Novembro;2023Q4
334;2023-11-30;2023;11;Novembro;2023Q4
335;2023-12-01;2023;12;Dezembro;2023Q4
336;2023-12-02;2023;12;Dezembro;2023Q4
337;2023-12-03;2023;12;Dezembro;2023Q4
338;2023-12-04;2023;12;Dezembro;2023Q4
339;2023-12-05;2023;12;Dezembro;2023Q4
340;2023-12-06;2023;12;Dezembro;2023Q4
341;2023-12-07;2023;12;Dezembro;2023Q4
342;2023-12-08;2023;12;Dezembro;2023Q4
343;2023-12-09;2023;12;Dezembro;2023Q4
344;2023-12-10;2023;12;Dezembro;2023Q4
345;2023-12-11;2023;12;Dezembro;2023Q4
346;2023-12-12;2023;12;Dezembro;2023Q4
347;2023-12-13;2023;12;Dezembro;2023Q4
348;2023-12-14;2023;12;Dezembro;2023Q4
349;2023-12-15;2023;12;Dezembro;2023Q4
350;2023-12-16;2023;12;Dezembro;2023Q4
351;2023-12-17;2023;12;Dezembro;2023Q4
352;2023-12-18;2023;12;Dezembro;2023Q4
353;2023-12-19;2023;12;Dezembro;2023Q4
354;2023-12-20;2023;12;Dezembro;2023Q4
355;2023-12-21;2023;12;Dezembro;2023Q4
356;2023-12-22;2023;12;Dezembro;2023Q4
357;2023-12-23;2023;12;Dezembro;2023Q4
358;2023-12-24;2023;12;Dezembro;2023Q4
359;2023-12-25;2023;12;Dezembro;2023Q4
360;2023-12-26;2023;12;Dezembro;2023Q4
361;2023-12-27;2023;12;Dezembro;2023Q4
362;2023-12-28;2023;12;Dezembro;2023Q4
363;2023-12-29;2023;12;Dezembro;2023Q4
364;2023-12-30;2023;12;Dezembro;2023Q4
365;2023-12-31;2023;12;Dezembro;2023Q4
366;2024-01-01;2024;1;Janeiro;2024Q1
367;2024-01-02;2024;1;Janeiro;2024Q1
368;2024-01-03;2024;1;Janeiro;2024Q1
369;2024-01-04;2024;1;Janeiro;2024Q1
370;2024-01-05;2024;1;Janeiro;2024Q1
371;2024-01-06;2024;1;Janeiro;2024Q1
372;2024-01-07;2024;1;Janeiro;2024Q1
373;2024-01-08;2024;1;Janeiro;2024Q1
374;2024-01-09;2024;1;Janeiro;2024Q1
375;2024-01-10;2024;1;Janeiro;2024Q1
376;2024-01-11;2024;1;Janeiro;2024Q1
377;2024-01-12;2024;1;Janeiro;2024Q1
378;2024-01-13;2024;1;Janeiro;2024Q1
379;2024-01-14;2024;1;Janeiro;2024Q1
380;2024-01-15;2024;1;Janeiro;2024Q1
381;2024-01-16;2024;1;Janeiro;2024Q1
382;2024-01-17;2024;1;Janeiro;2024Q1
383;2024-01-18;2024;1;Janeiro;2024Q1
384;2024-01-19;2024;1;Janeiro;2024Q1
385;2024-01-20;2024;1;Janeiro;2024Q1
386;2024-01-21;2024;1;Janeiro;2024Q1
387;2024-01-22;2024;1;Janeiro;2024Q1
388;2024-01-23;2024;1;Janeiro;2024Q1
389;2024-01-24;2024;1;Janeiro;2024Q1
390;2024-01-25;2024;1;Janeiro;2024Q1
391;2024-01-26;2024;1;Janeiro;2024Q1
392;2024-01-27;2024;1;Janeiro;2024Q1
393;2024-01-28;2024;1;Janeiro;2024Q1
394;2024-01-29;2024;1;Janeiro;2024Q1
395;2024-01-30;2024;1;Janeiro;2024Q1
396;2024-01-31;2024;1;Janeiro;2024Q1
397;2024-02-01;2024;2;Fevereiro;2024Q1
398;2024-02-02;2024;2;Fevereiro;2024Q1
399;2024-02-03;2024;2;Fevereiro;2024Q1
400;2024-02-04;2024;2;Fevereiro;2024Q1
401;2024-02-05;2024;2;Fevereiro;2024Q1
402;2024-02-06;2024;2;Fevereiro;2024Q1
403;2024-02-07;2024;2;Fevereiro;2024Q1
404;2024-02-08;2024;2;Fevereiro;2024Q1
405;2024-02-09;2024;2;Fevereiro;2024Q1
406;2024-02-10;2024;2;Fevereiro;2024Q1
407;2024-02-11;2024;2;Fevereiro;2024Q1
408;2024-02-12;2024;2;Fevereiro;2024Q1
409;2024-02-13;2024;2;Fevereiro;2024Q1
410;2024-02-14;2024;2;Fevereiro;2024Q1
411;2024-02-15;2024;2;Fevereiro;2024Q1
412;2024-02-16;2024;2;Fevereiro;2024Q1
413;2024-02-17;2024;2;Fevereiro;2024Q1
414;2024-02-18;2024;2;Fevereiro;2024Q1
415;2024-02-19;2024;2;Fevereiro;2024Q1
416;2024-02-20;2024;2;Fevereiro;2024Q1
417;2024-02-21;2024;2;Fevereiro;2024Q1
418;2024-02-22;2024;2;Fevereiro;2024Q1
419;2024-02-23;2024;2;Fevereiro;2024Q1
420;2024-02-24;2024;2;Fevereiro;2024Q1
421;2024-02-25;2024;2;Fevereiro;2024Q1
422;2024-02-26;2024;2;Fevereiro;2024Q1
423;2024-02-27;2024;2;Fevereiro;2024Q1
424;2024-02-28;2024;2;Fevereiro;2024Q1
425;2024-02-29;2024;2;Fevereiro;2024Q1
426;2024-03-01;2024;3;Março;2024Q1
427;2024-03-02;2024;3;Março;2024Q1
428;2024-03-03;2024;3;Março;2024Q1
429;2024-03-04;2024;3;Março;2024Q1
430;2024-03-05;2024;3;Março;2024Q1
431;2024-03-06;2024;3;Março;2024Q1
432;2024-03-07;2024;3;Março;2024Q1
433;2024-03-08;2024;3;Março;2024Q1
434;2024-03-09;2024;3;Março;2024Q1
435;2024-03-10;2024;3;Março;2024Q1
436;2024-03-11;2024;3;Março;2024Q1
437;2024-03-12;2024;3;Março;2024Q1
438;2024-03-13;2024;3;Março;2024Q1
439;2024-03-14;2024;3;Março;2024Q1
440;2024-03-15;2024;3;Março;2024Q1
441;2024-03-16;2024;3;Março;2024Q1
442;2024-03-17;2024;3;Março;2024Q1
443;2024-03-18;2024;3;Março;2024Q1
444;2024-03-19;2024;3;Março;2024Q1
445;2024-03-20;2024;3;Março;2024Q1
446;2024-03-21;2024;3;Março;2024Q1
447;2024-03-22;2024;3;Março;2024Q1
448;2024-03-23;2024;3;Março;2024Q1
449;2024-03-24;2024;3;Março;2024Q1
450;2024-03-25;2024;3;Março;2024Q1
451;2024-03-26;2024;3;Março;2024Q1
452;2024-03-27;2024;3;Março;2024Q1
453;2024-03-28;2024;3;Março;2024Q1
454;2024-03-29;2024;3;Março;2024Q1
455;2024-03-30;2024;3;Março;2024Q1
456;2024-03-31;2024;3;Março;2024Q1
457;2024-04-01;2024;4;Abril;2024Q2
458;2024-04-02;2024;4;Abril;2024Q2
459;2024-04-03;2024;4;Abril;2024Q2
460;2024-04-04;2024;4;Abril;2024Q2
461;2024-04-05;2024;4;Abril;2024Q2
462;2024-04-06;2024;4;Abril;2024Q2
463;2024-04-07;2024;4;Abril;2024Q2
464;2024-04-08;2024;4;Abril;2024Q2
465;2024-04-09;2024;4;Abril;2024Q2
466;2024-04-10;2024;4;Abril;2024Q2
467;2024-04-11;2024;4;Abril;2024Q2
468;2024-04-12;2024;4;Abril;2024Q2
469;2024-04-13;2024;4;Abril;2024Q2
470;2024-04-14;2024;4;Abril;2024Q2
471;2024-04-15;2024;4;Abril;2024Q2
472;2024-04-16;2024;4;Abril;2024Q2
473;2024-04-17;2024;4;Abril;2024Q2
474;2024-04-18;2024;4;Abril;2024Q2
475;2024-04-19;2024;4;Abril;2024Q2
476;2024-04-20;2024;4;Abril;2024Q2
477;2024-04-21;2024;4;Abril;2024Q2
478;2024-04-22;2024;4;Abril;2024Q2
479;2024-04-23;2024;4;Abril;2024Q2
480;2024-04-24;2024;4;Abril;2024Q2
481;2024-04-25;2024;4;Abril;2024Q2
482;2024-04-26;2024;4;Abril;2024Q2
483;2024-04-27;2024;4;Abril;2024Q2
484;2024-04-28;2024;4;Abril;2024Q2
485;2024-04-29;2024;4;Abril;2024Q2
486;2024-04-30;2024;4;Abril;2024Q2
487;2024-05-01;2024;5;Maio;2024Q2
488;2024-05-02;2024;5;Maio;2024Q2
489;2024-05-03;2024;5;Maio;2024Q2
490;2024-05-04;2024;5;Maio;2024Q2
491;2024-05-05;2024;5;Maio;2024Q2
492;2024-05-06;2024;5;Maio;2024Q2
493;2024-05-07;2024;5;Maio;2024Q2
494;2024-05-08;2024;5;Maio;2024Q2
495;2024-05-09;2024;5;Maio;2024Q2
496;2024-05-10;2024;5;Maio;2024Q2
497;2024-05-11;2024;5;Maio;2024Q2
498;2024-05-12;2024;5;Maio;2024Q2
499;2024-05-13;2024;5;Maio;2024Q2
500;2024-05-14;2024;5;Maio;2024Q2
501;2024-05-15;2024;5;Maio;2024Q2
502;2024-05-16;2024;5;Maio;2024Q2
503;2024-05-17;2024;5;Maio;2024Q2
504;2024-05-18;2024;5;Maio;2024Q2
505;2024-05-19;2024;5;Maio;2024Q2
506;2024-05-20;2024;5;Maio;2024Q2
507;2024-05-21;2024;5;Maio;2024Q2
508;2024-05-22;2024;5;Maio;2024Q2
509;2024-05-23;2024;5;Maio;2024Q2
510;2024-05-24;2024;5;Maio;2024Q2
511;2024-05-25;2024;5;Maio;2024Q2
512;2024-05-26;2024;5;Maio;2024Q2
513;2024-05-27;2024;5;Maio;2024Q2
514;2024-05-28;2024;5;Maio;2024Q2
515;2024-05-29;2024;5;Maio;2024Q2
516;2024-05-30;2024;5;Maio;2024Q2
517;2024-05-31;2024;5;Maio;2024Q2
518;2024-06-01;2024;6;Junho;2024Q2
519;2024-06-02;2024;6;Junho;2024Q2
520;2024-06-03;2024;6;Junho;2024Q2
521;2024-06-04;2024;6;Junho;2024Q2
522;2024-06-05;2024;6;Junho;2024Q2
523;2024-06-06;2024;6;Junho;2024Q2
524;2024-06-07;2024;6;Junho;2024Q2
525;2024-06-08;2024;6;Junho;2024Q2
526;2024-06-09;2024;6;Junho;2024Q2
527;2024-06-10;2024;6;Junho;2024Q2
528;2024-06-11;2024;6;Junho;2024Q2
529;2024-06-12;2024;6;Junho;2024Q2
530;2024-06-13;2024;6;Junho;2024Q2
531;2024-06-14;2024;6;Junho;2024Q2
532;2024-06-15;2024;6;Junho;2024Q2
533;2024-06-16;2024;6;Junho;2024Q2
534;2024-06-17;2024;6;Junho;2024Q2
535;2024-06-18;2024;6;Junho;2024Q2
536;2024-06-19;2024;6;Junho;2024Q2
537;2024-06-20;2024;6;Junho;2024Q2
538;2024-06-21;2024;6;Junho;2024Q2
539;2024-06-22;2024;6;Junho;2024Q2
540;2024-06-23;2024;6;Junho;2024Q2
541;2024-06-24;2024;6;Junho;2024Q2
542;2024-06-25;2024;6;Junho;2024Q2
543;2024-06-26;2024;6;Junho;2024Q2
544;2024-06-27;2024;6;Junho;2024Q2
545;2024-06-28;2024;6;Junho;2024Q2
546;2024-06-29;2024;6;Junho;2024Q2
547;2024-06-30;2024;6;Junho;2024Q2
548;2024-07-01;2024;7;Julho;2024Q3
549;2024-07-02;2024;7;Julho;2024Q3
550;2024-07-03;2024;7;Julho;2024Q3
551;2024-07-04;2024;7;Julho;2024Q3
552;2024-07-05;2024;7;Julho;2024Q3
553;2024-07-06;2024;7;Julho;2024Q3
554;2024-07-07;2024;7;Julho;2024Q3
555;2024-07-08;2024;7;Julho;2024Q3
556;2024-07-09;2024;7;Julho;2024Q3
557;2024-07-10;2024;7;Julho;2024Q3
558;2024-07-11;2024;7;Julho;2024Q3
559;2024-07-12;2024;7;Julho;2024Q3
560;2024-07-13;2024;7;Julho;2024Q3
561;2024-07-14;2024;7;Julho;2024Q3
562;2024-07-15;2024;7;Julho;2024Q3
563;2024-07-16;2024;7;Julho;2024Q3
564;2024-07-17;2024;7;Julho;2024Q3
565;2024-07-18;2024;7;Julho;2024Q3
566;2024-07-19;2024;7;Julho;2024Q3
567;2024-07-20;2024;7;Julho;2024Q3
568;2024-07-21;2024;7;Julho;2024Q3
569;2024-07-22;2024;7;Julho;2024Q3
570;2024-07-23;2024;7;Julho;2024Q3
571;2024-07-24;2024;7;Julho;2024Q3
572;2024-07-25;2024;7;Julho;2024Q3
573;2024-07-26;2024;7;Julho;2024Q3
574;2024-07-27;2024;7;Julho;2024Q3
575;2024-07-28;2024;7;Julho;2024Q3
576;2024-07-29;2024;7;Julho;2024Q3
577;2024-07-30;2024;7;Julho;2024Q3
578;2024-07-31;2024;7;Julho;2024Q3
579;2024-08-01;2024;8;Agosto;2024Q3
580;2024-08-02;2024;8;Agosto;2024Q3
581;2024-08-03;2024;8;Agosto;2024Q3
582;2024-08-04;2024;8;Agosto;2024Q3
583;2024-08-05;2024;8;Agosto;2024Q3
584;2024-08-06;2024;8;Agosto;2024Q3
585;2024-08-07;2024;8;Agosto;2024Q3
586;2024-08-08;2024;8;Agosto;2024Q3
587;2024-08-09;2024;8;Agosto;2024Q3
588;2024-08-10;2024;8;Agosto;2024Q3
589;2024-08-11;2024;8;Agosto;2024Q3
590;2024-08-12;2024;8;Agosto;2024Q3
591;2024-08-13;2024;8;Agosto;2024Q3
592;2024-08-14;2024;8;Agosto;2024Q3
593;2024-08-15;2024;8;Agosto;2024Q3
594;2024-08-16;2024;8;Agosto;2024Q3
595;2024-08-17;2024;8;Agosto;2024Q3
596;2024-08-18;2024;8;Agosto;2024Q3
597;2024-08-19;2024;8;Agosto;2024Q3
598;2024-08-20;2024;8;Agosto;2024Q3
599;2024-08-21;2024;8;Agosto;2024Q3
600;2024-08-22;2024;8;Agosto;2024Q3
601;2024-08-23;2024;8;Agosto;2024Q3
602;2024-08-24;2024;8;Agosto;2024Q3
603;2024-08-25;2024;8;Agosto;2024Q3
604;2024-08-26;2024;8;Agosto;2024Q3
605;2024-08-27;2024;8;Agosto;2024Q3
606;2024-08-28;2024;8;Agosto;2024Q3
607;2024-08-29;2024;8;Agosto;2024Q3
608;2024-08-30;2024;8;Agosto;2024Q3
609;2024-08-31;2024;8;Agosto;2024Q3
610;2024-09-01;2024;9;Setembro;2024Q3
611;2024-09-02;2024;9;Setembro;2024Q3
612;2024-09-03;2024;9;Setembro;2024Q3
613;2024-09-04;2024;9;Setembro;2024Q3
614;2024-09-05;2024;9;Setembro;2024Q3
615;2024-09-06;2024;9;Setembro;2024Q3
616;2024-09-07;2024;9;Setembro;2024Q3
617;2024-09-08;2024;9;Setembro;2024Q3
618;2024-09-09;2024;9;Setembro;2024Q3
619;2024-09-10;2024;9;Setembro;2024Q3
620;2024-09-11;2024;9;Setembro;2024Q3
621;2024-09-12;2024;9;Setembro;2024Q3
622;2024-09-13;2024;9;Setembro;2024Q3
623;2024-09-14;2024;9;Setembro;2024Q3
624;2024-09-15;2024;9;Setembro;2024Q3
625;2024-09-16;2024;9;Setembro;2024Q3
626;2024-09-17;2024;9;Setembro;2024Q3
627;2024-09-18;2024;9;Setembro;2024Q3
628;2024-09-19;2024;9;Setembro;2024Q3
629;2024-09-20;2024;9;Setembro;2024Q3
630;2024-09-21;2024;9;Setembro;2024Q3
631;2024-09-22;2024;9;Setembro;2024Q3
632;2024-09-23;2024;9;Setembro;2024Q3
633;2024-09-24;2024;9;Setembro;2024Q3
634;2024-09-25;2024;9;Setembro;2024Q3
635;2024-09-26;2024;9;Setembro;2024Q3
636;2024-09-27;2024;9;Setembro;2024Q3
637;2024-09-28;2024;9;Setembro;2024Q3
638;2024-09-29;2024;9;Setembro;2024Q3
639;2024-09-30;2024;9;Setembro;2024Q3
640;2024-10-01;2024;10;Outubro;2024Q4
641;2024-10-02;2024;10;Outubro;2024Q4
642;2024-10-03;2024;10;Outubro;2024Q4
643;2024-10-04;2024;10;Outubro;2024Q4
644;2024-10-05;2024;10;Outubro;2024Q4
645;2024-10-06;2024;10;Outubro;2024Q4
646;2024-10-07;2024;10;Outubro;2024Q4
647;2024-10-08;2024;10;Outubro;2024Q4
648;2024-10-09;2024;10;Outubro;2024Q4
649;2024-10-10;2024;10;Outubro;2024Q4
650;2024-10-11;2024;10;Outubro;2024Q4
651;2024-10-12;2024;10;Outubro;2024Q4
652;2024-10-13;2024;10;Outubro;2024Q4
653;2024-10-14;2024;10;Outubro;2024Q4
654;2024-10-15;2024;10;Outubro;2024Q4
655;2024-10-16;2024;10;Outubro;2024Q4
656;2024-10-17;2024;10;Outubro;2024Q4
657;2024-10-18;2024;10;Outubro;2024Q4
658;2024-10-19;2024;10;Outubro;2024Q4
659;2024-10-20;2024;10;Outubro;2024Q4
660;2024-10-21;2024;10;Outubro;2024Q4
661;2024-10-22;2024;10;Outubro;2024Q4
662;2024-10-23;2024;10;Outubro;2024Q4
663;2024-10-24;2024;10;Outubro;2024Q4
664;2024-10-25;2024;10;Outubro;2024Q4
665;2024-10-26;2024;10;Outubro;2024Q4
666;2024-10-27;2024;10;Outubro;2024Q4
667;2024-10-28;2024;10;Outubro;2024Q4
668;2024-10-29;2024;10;Outubro;2024Q4
669;2024-10-30;2024;10;Outubro;2024Q4
670;2024-10-31;2024;10;Outubro;2024Q4
671;2024-11-01;2024;11;Novembro;2024Q4
672;2024-11-02;2024;11;Novembro;2024Q4
673;2024-11-03;2024;11;Novembro;2024Q4
674;2024-11-04;2024;11;Novembro;2024Q4
675;2024-11-05;2024;11;Novembro;2024Q4
676;2024-11-06;2024;11;Novembro;2024Q4
677;2024-11-07;2024;11;Novembro;2024Q4
678;2024-11-08;2024;11;Novembro;2024Q4
679;2024-11-09;2024;11;Novembro;2024Q4
680;2024-11-10;2024;11;Novembro;2024Q4
681;2024-11-11;2024;11;Novembro;2024Q4
682;2024-11-12;2024;11;Novembro;2024Q4
683;2024-11-13;2024;11;Novembro;2024Q4
684;2024-11-14;2024;11;Novembro;2024Q4
685;2024-11-15;2024;11;Novembro;2024Q4
686;2024-11-16;2024;11;Novembro;2024Q4
687;2024-11-17;2024;11;Novembro;2024Q4
688;2024-11-18;2024;11;Novembro;2024Q4
689;2024-11-19;2024;11;Novembro;2024Q4
690;2024-11-20;2024;11;Novembro;2024Q4
691;2024-11-21;2024;11;Novembro;2024Q4
692;2024-11-22;2024;11;Novembro;2024Q4
693;2024-11-23;2024;11;Novembro;2024Q4
694;2024-11-24;2024;11;Novembro;2024Q4
695;2024-11-25;2024;11;Novembro;2024Q4
696;2024-11-26;2024;11;Novembro;2024Q4
697;2024-11-27;2024;11;Novembro;2024Q4
698;2024-11-28;2024;11;Novembro;2024Q4
699;2024-11-29;2024;11;Novembro;2024Q4
700;2024-11-30;2024;11;Novembro;2024Q4
701;2024-12-01;2024;12;Dezembro;2024Q4
702;2024-12-02;2024;12;Dezembro;2024Q4
703;2024-12-03;2024;12;Dezembro;2024Q4
704;2024-12-04;2024;12;Dezembro;2024Q4
705;2024-12-05;2024;12;Dezembro;2024Q4
706;2024-12-06;2024;12;Dezembro;2024Q4
707;2024-12-07;2024;12;Dezembro;2024Q4
708;2024-12-08;2024;12;Dezembro;2024Q4
709;2024-12-09;2024;12;Dezembro;2024Q4
710;2024-12-10;2024;12;Dezembro;2024Q4
711;2024-12-11;2024;12;Dezembro;2024Q4
712;2024-12-12;2024;12;Dezembro;2024Q4
713;2024-12-13;2024;12;Dezembro;2024Q4
714;2024-12-14;2024;12;Dezembro;2024Q4
715;2024-12-15;2024;12;Dezembro;2024Q4
716;2024-12-16;2024;12;Dezembro;2024Q4
717;2024-12-17;2024;12;Dezembro;2024Q4
718;2024-12-18;2024;12;Dezembro;2024Q4
719;2024-12-19;2024;12;Dezembro;2024Q4
720;2024-12-20;2024;12;Dezembro;2024Q4
721;2024-12-21;2024;12;Dezembro;2024Q4
722;2024-12-22;2024;12;Dezembro;2024Q4
723;2024-12-23;2024;12;Dezembro;2024Q4
724;2024-12-24;2024;12;Dezembro;2024Q4
725;2024-12-25;2024;12;Dezembro;2024Q4
726;2024-12-26;2024;12;Dezembro;2024Q4
727;2024-12-27;2024;12;Dezembro;2024Q4
728;2024-12-28;2024;12;Dezembro;2024Q4
729;2024-12-29;2024;12;Dezembro;2024Q4
730;2024-12-30;2024;12;Dezembro;2024Q4
731;2024-12-31;2024;12;Dezembro;2024Q4
